{
    "classes": [
        {
            "term": "Fall 2024",
            "status": true,
            "classes": [
                {
                    "primaryKey": 1,
                    "className": "MARE 205",
                    "designation": 0,
                    "sections": [
                        {
                            "sectionPK": 1,
                            "sectionNumber": "199",
                            "SampleTestDOA": 0,
                            "Syllabus": 1,
                            "Attendance": 1,
                            "taskComplete": -1
                        },
                        {
                            "sectionPK": 2,
                            "sectionNumber": "299",
                            "SampleTestDOA": 1,
                            "Syllabus": 1,
                            "Attendance": 1,
                            "taskComplete": -1
                        },
                        {
                            "sectionPK": 3,
                            "sectionNumber": "399",
                            "SampleTestDOA": 0,
                            "Syllabus": 0,
                            "Attendance": 0,
                            "taskComplete": -1
                        }
                    ]
                },
                {
                    "primaryKey": 2,
                    "className": "MARE 301",
                    "designation": 1,
                    "sections": [
                        {
                            "sectionPK": 4,
                            "sectionNumber": "482",
                            "SampleTestDOA": 0,
                            "Syllabus": 1,
                            "Attendance": 1,
                            "taskRequired": 10,
                            "taskComplete": 3
                        },
                        {
                            "sectionPK": 5,
                            "sectionNumber": "521",
                            "SampleTestDOA": 1,
                            "Syllabus": 1,
                            "Attendance": 1,
                            "taskRequired": 10,
                            "taskComplete": 8
                        }
                    ]
                }
            ]
        },
        {
            "term": "Spring 2024",
            "status": false,
            "classes": [
                {
                    "primaryKey": 3,
                    "className": "MARE 250",
                    "designation": 1,
                    "taskRequired": 7,
                    "sections": [
                        {
                            "sectionPK": 6,
                            "sectionNumber": "211",
                            "SampleTestDOA": 1,
                            "Syllabus": 1,
                            "Attendance": 1,
                            "taskComplete": 7 
                        },
                        {
                            "sectionPK": 7,
                            "sectionNumber": "345",
                            "SampleTestDOA": 1,
                            "Syllabus": 1,
                            "Attendance": 1,
                            "taskComplete": 7
                        }
                    ]
                },
                {
                    "primaryKey": 4,
                    "className": "MARE 405",
                    "designation": 0,
                    "taskRequired": -1,
                    "sections": [
                        {
                            "sectionPK": 8,
                            "sectionNumber": "234",
                            "SampleTestDOA": 1,
                            "Syllabus": 1,
                            "Attendance": 1,
                            "taskComplete": -1
                        },
                        {
                            "sectionPK": 9,
                            "sectionNumber": "564",
                            "SampleTestDOA": 1,
                            "Syllabus": 1,
                            "Attendance": 1,
                            "taskComplete": -1
                        },
                        {
                            "sectionPK": 10,
                            "sectionNumber": "134",
                            "SampleTestDOA": 1,
                            "Syllabus": 1,
                            "Attendance": 1,
                            "taskComplete": -1
                        }
                    ]
                }
            ]
        },
        {
            "term": "Fall 2023",
            "status": false,
            "classes": [
                {
                    "primaryKey": 5,
                    "className": "MARE 102",
                    "designation": 0,
                    "taskRequired": -1,
                    "sections": [
                        {
                            "sectionPK": 11,
                            "sectionNumber": "111",
                            "SampleTestDOA": 1,
                            "Syllabus": 1,
                            "Attendance": 1,
                            "taskComplete": -1
                        }
                    ]
                },
                {
                    "primaryKey": 6,
                    "className": "MARE 130",
                    "designation": 1,
                    "taskRequired": 5,
                    "sections": [
                        {
                            "sectionPK": 12,
                            "sectionNumber": "256",
                            "SampleTestDOA": 1,
                            "Syllabus": 1,
                            "Attendance": 1,
                            "taskComplete": 5
                        },
                        {
                            "sectionPK": 13,
                            "sectionNumber": "128",
                            "SampleTestDOA": 1,
                            "Syllabus": 1,
                            "Attendance": 1,
                            "taskComplete": 5
                        }
                    ]
                }
            ]
        }
    ],
    "GetSectionByID:1":
        {
            "ClassPK": 1,
            "CRN": "2222",
            "SectionNum": "123",
            "SampleTestDOA": 0,
            "Syllabus": 1,
            "Attendance": 1,
            "taskRequired": -1,
            "taskComplete": -1,
            "Documents": [
                {
                    "DocumentPK": 1,
                    "Type": "Sample Test/D.O.A",
                    "NameUploader": "Thomas Hall",
                    "TimeUploaded": "XX:XX:XXX",
                    "valid": true,
                    "FileName": "Syllabus.pdf",
                    "supportedTask": [
                        {
                            "TaskPK": 1,
                            "TaskNum": "01-A",
                            "TaskDescription": "Do something"
                        },
                        {
                            "TaskPK": 2,
                            "TaskNum": "02-A",
                            "TaskDescription": "Do something"
                        }
                    ]
                },
                {
                    "DocumentPK": 2,
                    "Type": "Attendance",
                    "NameUploader": "Thomas Hall",
                    "TimeUploaded": "XX:XX:XXX",
                    "valid": true,
                    "FileName": "Attendance.pdf",
                    "supportedTask": [
                        {
                            "TaskPK": 3,
                            "TaskNum": "03-A",
                            "TaskDescription": "Do something"
                        },
                        {
                            "TaskPK": 4,
                            "TaskNum": "04-A",
                            "TaskDescription": "Do something"
                        }
                    ]
                },
                {
                    "DocumentPK": 3,
                    "Type": "Supporting Document",
                    "NameUploader": "Thomas Hall",
                    "TimeUploaded": "XX:XX:XXX",
                    "valid": true,
                    "FileName": "ExtraDocument.pdf",
                    "supportedTask": [
                        {
                            "TaskPK": 5,
                            "TaskNum": "05-A",
                            "TaskDescription": "Do something"
                        },
                        {
                            "TaskPK": 6,
                            "TaskNum": "06-A",
                            "TaskDescription": "Do something"
                        }
                    ]
                }
            ]
        }
    
}